{"cameraMode":{"drawMode":0,"name":"Shaded","section":"Shading Mode"},"sceneLighting":false,"audioPlay":false,"sceneViewState":{"m_AlwaysRefresh":true,"showFog":true,"showSkybox":false,"showFlares":true,"showImageEffects":true,"showParticleSystems":true,"showVisualEffectGraphs":true,"m_FxEnabled":true},"in2DMode":false,"pivot":{"x":10.486737251281739,"y":1.215000033378601,"z":-14.479999542236329},"rotation":{"x":-0.16304899752140046,"y":0.0163219403475523,"z":-0.0042229280807077889,"w":-0.9866458177566528},"size":0.4431123733520508,"orthographic":false}